shipment_id,order_id,shipment_date,carrier,tracking_number,delivery_date,shipment_status
1,1,2024-10-13,UPS,TRK344284,2024-10-14,Pending
2,2,2024-08-27,DHL,TRK718398,2024-08-28,Delivered
3,3,2024-05-23,FedEx,TRK161368,2024-05-31,Pending
4,4,2024-06-06,UPS,TRK890181,2024-06-10,Pending
5,5,2024-11-03,DHL,TRK681341,2024-11-08,Delivered
6,6,2024-05-03,FedEx,TRK076623,2024-05-07,Pending
7,7,2023-12-28,UPS,TRK767199,2023-12-30,Delivered
8,8,2023-11-14,DHL,TRK930895,2023-11-16,Delivered
9,9,2024-10-25,FedEx,TRK502345,2024-11-01,Delivered
10,10,2024-06-09,UPS,TRK169754,2024-06-14,Shipped
11,11,2024-09-06,DHL,TRK855233,2024-09-11,Shipped
12,12,2024-04-11,FedEx,TRK974542,2024-04-13,Pending
13,13,2024-08-08,UPS,TRK591371,2024-08-12,Delivered
14,14,2024-10-23,DHL,TRK379731,2024-10-26,Delivered
15,15,2024-06-21,FedEx,TRK043919,2024-06-29,Delivered
16,16,2024-05-04,UPS,TRK936117,2024-05-10,Delivered
17,17,2024-08-11,DHL,TRK566646,2024-08-13,Pending
18,18,2024-06-24,FedEx,TRK650383,2024-07-01,Delivered
19,19,2024-09-04,UPS,TRK551506,2024-09-09,Shipped
20,20,2024-01-05,DHL,TRK460663,2024-01-12,Delivered
21,21,2024-10-18,FedEx,TRK948321,2024-10-22,Delivered
22,22,2023-12-09,UPS,TRK749106,2023-12-13,Delivered
23,23,2023-12-16,DHL,TRK292444,2023-12-20,Shipped
24,24,2024-07-07,FedEx,TRK461401,2024-07-10,Pending
25,25,2024-06-06,UPS,TRK282598,2024-06-12,Pending
26,26,2024-07-08,DHL,TRK357860,2024-07-14,Delivered
27,27,2024-07-12,FedEx,TRK817455,2024-07-17,Cancelled
28,28,2023-12-15,UPS,TRK426322,2023-12-16,Pending
29,29,2024-05-02,DHL,TRK001293,2024-05-08,Pending
30,30,2024-08-01,FedEx,TRK667394,2024-08-06,Shipped
31,31,2024-03-19,UPS,TRK062304,2024-03-22,Pending
32,32,2024-08-08,DHL,TRK192963,2024-08-13,Pending
33,33,2024-08-24,FedEx,TRK801770,2024-08-27,Shipped
34,34,2024-02-10,UPS,TRK056656,2024-02-16,Shipped
35,35,2024-04-04,DHL,TRK286552,2024-04-08,Delivered
36,36,2024-03-26,FedEx,TRK929875,2024-03-27,Shipped
37,37,2024-01-02,UPS,TRK486006,2024-01-06,Shipped
38,38,2024-05-03,DHL,TRK591965,2024-05-08,Delivered
39,39,2024-06-28,FedEx,TRK126053,2024-07-03,Delivered
40,40,2024-08-23,UPS,TRK186660,2024-08-27,Pending
41,41,2024-02-25,DHL,TRK228097,2024-02-29,Delivered
42,42,2024-09-18,FedEx,TRK675562,2024-09-26,Delivered
43,43,2024-10-13,UPS,TRK922507,2024-10-16,Delivered
44,44,2024-07-08,DHL,TRK534190,2024-07-11,Shipped
45,45,2024-03-02,FedEx,TRK119030,2024-03-04,Shipped
46,46,2024-08-21,UPS,TRK392828,2024-08-25,Shipped
47,47,2023-12-30,DHL,TRK235278,2023-12-31,Pending
48,48,2023-11-22,FedEx,TRK170290,2023-11-28,Shipped
49,49,2024-03-28,UPS,TRK772122,2024-04-01,Delivered
50,50,2024-07-22,DHL,TRK159547,2024-07-24,Delivered
51,51,2024-05-18,FedEx,TRK253961,2024-05-20,Pending
52,52,2024-06-02,UPS,TRK802059,2024-06-10,Pending
53,53,2024-08-04,DHL,TRK721030,2024-08-08,Delivered
54,54,2024-01-30,FedEx,TRK310750,2024-02-06,Pending
55,55,2024-08-20,UPS,TRK423161,2024-08-22,Shipped
56,56,2024-03-04,DHL,TRK380369,2024-03-11,Shipped
57,57,2024-05-28,FedEx,TRK329835,2024-05-31,Shipped
58,58,2024-06-28,UPS,TRK418211,2024-06-29,Pending
59,59,2024-08-05,DHL,TRK865810,2024-08-11,Shipped
60,60,2024-01-02,FedEx,TRK873334,2024-01-07,Pending
61,61,2024-08-11,UPS,TRK837901,2024-08-15,Delivered
62,62,2024-08-08,DHL,TRK976835,2024-08-15,Pending
63,63,2024-05-03,FedEx,TRK912221,2024-05-08,Delivered
64,64,2024-04-12,UPS,TRK401740,2024-04-18,Shipped
65,65,2024-08-05,DHL,TRK478481,2024-08-10,Delivered
66,66,2024-04-24,FedEx,TRK398754,2024-04-28,Shipped
67,67,2024-07-11,UPS,TRK696076,2024-07-16,Pending
68,68,2024-09-18,DHL,TRK155411,2024-09-20,Cancelled
69,69,2024-01-26,FedEx,TRK637648,2024-01-31,Delivered
70,70,2024-09-25,UPS,TRK260510,2024-10-02,Delivered
71,71,2024-08-22,DHL,TRK099538,2024-08-25,Pending
72,72,2024-01-07,FedEx,TRK998893,2024-01-10,Cancelled
73,73,2024-09-02,UPS,TRK967359,2024-09-07,Pending
74,74,2024-06-26,DHL,TRK785450,2024-07-01,Delivered
75,75,2024-03-19,FedEx,TRK090974,2024-03-26,Shipped
76,76,2024-03-22,UPS,TRK860615,2024-03-26,Delivered
77,77,2024-04-13,DHL,TRK203526,2024-04-15,Pending
78,78,2024-01-27,FedEx,TRK842985,2024-02-01,Shipped
79,79,2024-02-09,UPS,TRK187667,2024-02-14,Pending
80,80,2024-01-06,DHL,TRK167879,2024-01-12,Pending
81,81,2024-02-01,FedEx,TRK396306,2024-02-08,Shipped
82,82,2024-02-20,UPS,TRK767139,2024-02-24,Shipped
83,83,2024-02-21,DHL,TRK751317,2024-02-25,Delivered
84,84,2024-10-14,FedEx,TRK880506,2024-10-19,Shipped
85,85,2024-08-11,UPS,TRK545163,2024-08-17,Cancelled
86,86,2024-07-23,DHL,TRK685600,2024-07-26,Pending
87,87,2024-02-23,FedEx,TRK416424,2024-02-27,Shipped
88,88,2024-08-02,UPS,TRK329722,2024-08-05,Pending
89,89,2024-02-17,DHL,TRK229007,2024-02-21,Shipped
90,90,2024-07-26,FedEx,TRK027765,2024-08-03,Delivered
91,91,2024-01-24,UPS,TRK146036,2024-01-30,Pending
92,92,2023-12-21,DHL,TRK177076,2023-12-24,Delivered
93,93,2024-09-05,FedEx,TRK901536,2024-09-11,Delivered
94,94,2024-05-07,UPS,TRK858729,2024-05-10,Delivered
95,95,2024-08-23,DHL,TRK309324,2024-08-26,Delivered
96,96,2024-07-13,FedEx,TRK727094,2024-07-19,Pending
97,97,2024-06-10,UPS,TRK516527,2024-06-18,Delivered
98,98,2024-09-19,DHL,TRK299125,2024-09-25,Delivered
99,99,2024-07-14,FedEx,TRK803806,2024-07-18,Pending
100,100,2024-01-13,UPS,TRK972906,2024-01-16,Pending
101,101,2024-11-05,DHL,TRK790609,2024-11-06,Delivered
102,102,2024-04-29,FedEx,TRK353034,2024-05-06,Shipped
103,103,2024-08-17,UPS,TRK754763,2024-08-21,Delivered
104,104,2024-01-31,DHL,TRK519260,2024-02-04,Shipped
105,105,2024-03-24,FedEx,TRK500835,2024-03-30,Pending
106,106,2023-12-16,UPS,TRK482352,2023-12-18,Pending
107,107,2024-09-09,DHL,TRK236734,2024-09-11,Delivered
108,108,2024-04-23,FedEx,TRK614517,2024-04-29,Shipped
109,109,2024-10-06,UPS,TRK836983,2024-10-08,Shipped
110,110,2024-03-28,DHL,TRK307787,2024-04-02,Cancelled
111,111,2024-09-01,FedEx,TRK422896,2024-09-07,Delivered
112,112,2024-06-29,UPS,TRK625442,2024-07-02,Shipped
113,113,2023-11-11,DHL,TRK913858,2023-11-18,Shipped
114,114,2024-01-26,FedEx,TRK417904,2024-01-30,Pending
115,115,2024-10-28,UPS,TRK047564,2024-10-31,Delivered
116,116,2024-01-17,DHL,TRK421959,2024-01-18,Shipped
117,117,2024-06-01,FedEx,TRK479789,2024-06-08,Cancelled
118,118,2024-09-02,UPS,TRK974354,2024-09-07,Delivered
119,119,2024-06-23,DHL,TRK699602,2024-06-24,Shipped
120,120,2024-04-09,FedEx,TRK761638,2024-04-12,Shipped
121,121,2023-11-12,UPS,TRK288041,2023-11-15,Delivered
122,122,2024-08-25,DHL,TRK660386,2024-09-01,Shipped
123,123,2024-02-20,FedEx,TRK284905,2024-02-22,Pending
124,124,2024-09-22,UPS,TRK876902,2024-09-23,Delivered
125,125,2024-03-13,DHL,TRK116437,2024-03-16,Shipped
126,126,2024-09-11,FedEx,TRK757174,2024-09-14,Shipped
127,127,2024-09-04,UPS,TRK943174,2024-09-10,Cancelled
128,128,2024-06-16,DHL,TRK233559,2024-06-22,Shipped
129,129,2024-05-04,FedEx,TRK477484,2024-05-06,Delivered
130,130,2024-04-18,UPS,TRK077977,2024-04-25,Delivered
131,131,2024-05-17,DHL,TRK850976,2024-05-22,Shipped
132,132,2024-09-29,FedEx,TRK785266,2024-10-06,Pending
133,133,2024-10-13,UPS,TRK802058,2024-10-14,Delivered
134,134,2024-01-20,DHL,TRK815000,2024-01-27,Shipped
135,135,2024-09-25,FedEx,TRK520023,2024-09-26,Cancelled
136,136,2024-10-21,UPS,TRK920637,2024-10-25,Pending
137,137,2024-10-17,DHL,TRK604502,2024-10-21,Shipped
138,138,2024-01-02,FedEx,TRK853084,2024-01-03,Shipped
139,139,2023-11-28,UPS,TRK517085,2023-12-02,Shipped
140,140,2024-05-22,DHL,TRK021790,2024-05-30,Pending
141,141,2024-10-09,FedEx,TRK469479,2024-10-14,Pending
142,142,2024-09-18,UPS,TRK244578,2024-09-22,Delivered
143,143,2023-12-13,DHL,TRK526994,2023-12-17,Shipped
144,144,2024-08-28,FedEx,TRK449442,2024-09-02,Pending
145,145,2024-04-19,UPS,TRK263485,2024-04-22,Shipped
146,146,2024-03-14,DHL,TRK400459,2024-03-20,Shipped
147,147,2023-12-11,FedEx,TRK451050,2023-12-15,Delivered
148,148,2024-08-07,UPS,TRK065105,2024-08-14,Delivered
149,149,2024-07-09,DHL,TRK290506,2024-07-12,Delivered
150,150,2024-09-12,FedEx,TRK146253,2024-09-18,Shipped
151,151,2024-10-07,UPS,TRK980624,2024-10-15,Shipped
152,152,2024-08-28,DHL,TRK613129,2024-09-03,Pending
153,153,2024-04-20,FedEx,TRK062053,2024-04-27,Shipped
154,154,2024-07-11,UPS,TRK470561,2024-07-15,Delivered
155,155,2024-01-01,DHL,TRK346265,2024-01-08,Delivered
156,156,2024-04-08,FedEx,TRK584422,2024-04-10,Delivered
157,157,2024-07-30,UPS,TRK967864,2024-08-06,Pending
158,158,2024-06-21,DHL,TRK816873,2024-06-29,Shipped
159,159,2024-01-13,FedEx,TRK548336,2024-01-20,Shipped
160,160,2024-07-12,UPS,TRK551540,2024-07-19,Shipped
161,161,2023-12-14,DHL,TRK195520,2023-12-19,Shipped
162,162,2024-07-27,FedEx,TRK200784,2024-07-28,Delivered
163,163,2024-08-19,UPS,TRK989466,2024-08-23,Pending
164,164,2024-03-25,DHL,TRK581776,2024-03-27,Shipped
165,165,2023-12-18,FedEx,TRK408465,2023-12-21,Shipped
166,166,2024-01-12,UPS,TRK151953,2024-01-20,Delivered
167,167,2024-01-17,DHL,TRK776340,2024-01-24,Delivered
168,168,2024-06-21,FedEx,TRK461789,2024-06-27,Shipped
169,169,2024-07-05,UPS,TRK637398,2024-07-11,Delivered
170,170,2023-12-17,DHL,TRK519780,2023-12-23,Shipped
171,171,2024-09-26,FedEx,TRK925215,2024-09-30,Pending
172,172,2024-07-01,UPS,TRK657620,2024-07-04,Cancelled
173,173,2023-12-27,DHL,TRK920980,2023-12-29,Delivered
174,174,2024-05-10,FedEx,TRK468701,2024-05-13,Pending
175,175,2024-08-11,UPS,TRK071714,2024-08-18,Shipped
176,176,2024-02-23,DHL,TRK309321,2024-02-29,Pending
177,177,2024-03-22,FedEx,TRK341124,2024-03-29,Shipped
178,178,2023-12-24,UPS,TRK252081,2023-12-30,Delivered
179,179,2024-06-12,DHL,TRK031087,2024-06-16,Delivered
180,180,2024-01-21,FedEx,TRK927295,2024-01-27,Shipped
181,181,2024-03-22,UPS,TRK833516,2024-03-25,Delivered
182,182,2024-08-10,DHL,TRK998814,2024-08-12,Delivered
183,183,2024-06-14,FedEx,TRK907389,2024-06-16,Delivered
184,184,2024-08-04,UPS,TRK307131,2024-08-07,Delivered
185,185,2024-07-21,DHL,TRK700340,2024-07-27,Pending
186,186,2024-08-19,FedEx,TRK757292,2024-08-21,Shipped
187,187,2024-06-04,UPS,TRK567514,2024-06-05,Shipped
188,188,2024-01-17,DHL,TRK427186,2024-01-20,Delivered
189,189,2024-07-06,FedEx,TRK790103,2024-07-07,Shipped
190,190,2024-02-27,UPS,TRK138842,2024-03-03,Pending
191,191,2024-01-21,DHL,TRK968004,2024-01-24,Delivered
192,192,2024-04-16,FedEx,TRK651030,2024-04-21,Delivered
193,193,2024-11-04,UPS,TRK484558,2024-11-08,Pending
194,194,2024-09-20,DHL,TRK714160,2024-09-23,Delivered
195,195,2024-03-19,FedEx,TRK802407,2024-03-21,Shipped
196,196,2024-02-22,UPS,TRK634481,2024-02-25,Shipped
197,197,2024-09-09,DHL,TRK771027,2024-09-11,Shipped
198,198,2024-06-29,FedEx,TRK762752,2024-07-04,Delivered
199,199,2024-06-25,UPS,TRK622781,2024-06-30,Delivered
200,200,2024-01-31,DHL,TRK479911,2024-02-05,Shipped
201,201,2024-03-31,FedEx,TRK120287,2024-04-07,Delivered
202,202,2024-10-21,UPS,TRK497929,2024-10-25,Shipped
203,203,2023-11-24,DHL,TRK599542,2023-11-28,Shipped
204,204,2024-03-23,FedEx,TRK658725,2024-03-28,Pending
205,205,2024-05-12,UPS,TRK757003,2024-05-17,Pending
206,206,2024-05-07,DHL,TRK159339,2024-05-09,Shipped
207,207,2024-08-22,FedEx,TRK116808,2024-08-26,Shipped
208,208,2023-12-29,UPS,TRK741357,2024-01-02,Shipped
209,209,2024-04-03,DHL,TRK149755,2024-04-06,Shipped
210,210,2024-08-31,FedEx,TRK722927,2024-09-01,Delivered
211,211,2024-03-20,UPS,TRK613072,2024-03-22,Shipped
212,212,2024-08-14,DHL,TRK635995,2024-08-19,Shipped
213,213,2023-12-11,FedEx,TRK618381,2023-12-18,Delivered
214,214,2024-09-25,UPS,TRK794179,2024-10-02,Pending
215,215,2024-08-07,DHL,TRK170352,2024-08-10,Shipped
216,216,2024-10-30,FedEx,TRK546533,2024-11-02,Shipped
217,217,2024-05-07,UPS,TRK660729,2024-05-09,Pending
218,218,2024-01-19,DHL,TRK960131,2024-01-22,Delivered
219,219,2023-12-04,FedEx,TRK123392,2023-12-11,Pending
220,220,2024-01-25,UPS,TRK551408,2024-02-01,Shipped
221,221,2024-04-30,DHL,TRK952712,2024-05-04,Cancelled
222,222,2023-11-23,FedEx,TRK561679,2023-11-28,Delivered
223,223,2024-03-26,UPS,TRK000178,2024-03-31,Shipped
224,224,2024-03-25,DHL,TRK466990,2024-03-30,Pending
225,225,2024-01-04,FedEx,TRK450201,2024-01-09,Delivered
226,226,2024-06-09,UPS,TRK838899,2024-06-17,Delivered
227,227,2024-06-09,DHL,TRK911143,2024-06-16,Shipped
228,228,2024-10-17,FedEx,TRK573881,2024-10-19,Pending
229,229,2023-11-22,UPS,TRK887216,2023-11-24,Delivered
230,230,2024-02-11,DHL,TRK259732,2024-02-16,Cancelled
231,231,2024-10-23,FedEx,TRK311317,2024-10-30,Delivered
232,232,2024-08-24,UPS,TRK800569,2024-08-29,Shipped
233,233,2023-11-17,DHL,TRK532812,2023-11-23,Delivered
234,234,2024-09-29,FedEx,TRK947776,2024-10-06,Pending
235,235,2024-04-29,UPS,TRK979475,2024-05-02,Shipped
236,236,2024-03-15,DHL,TRK978801,2024-03-21,Delivered
237,237,2023-11-20,FedEx,TRK099270,2023-11-22,Shipped
238,238,2024-04-12,UPS,TRK269510,2024-04-13,Delivered
239,239,2024-08-12,DHL,TRK979808,2024-08-16,Pending
240,240,2024-09-18,FedEx,TRK948923,2024-09-25,Delivered
241,241,2024-02-26,UPS,TRK602225,2024-02-28,Delivered
242,242,2024-09-27,DHL,TRK711051,2024-10-02,Shipped
243,243,2024-08-30,FedEx,TRK420473,2024-09-06,Shipped
244,244,2023-11-13,UPS,TRK885770,2023-11-19,Pending
245,245,2024-08-27,DHL,TRK823176,2024-09-02,Shipped
246,246,2024-07-26,FedEx,TRK734359,2024-08-02,Delivered
247,247,2024-05-20,UPS,TRK337976,2024-05-24,Pending
248,248,2024-10-18,DHL,TRK311659,2024-10-25,Pending
249,249,2024-06-24,FedEx,TRK313610,2024-06-25,Shipped
250,250,2024-08-11,UPS,TRK485711,2024-08-12,Delivered
251,251,2023-12-16,DHL,TRK878683,2023-12-20,Delivered
252,252,2024-03-27,FedEx,TRK019877,2024-04-03,Delivered
253,253,2024-06-05,UPS,TRK935298,2024-06-10,Shipped
254,254,2024-10-11,DHL,TRK498928,2024-10-15,Pending
255,255,2024-09-21,FedEx,TRK109810,2024-09-22,Delivered
256,256,2024-10-10,UPS,TRK249994,2024-10-12,Delivered
257,257,2024-05-26,DHL,TRK893758,2024-05-31,Delivered
258,258,2024-01-19,FedEx,TRK702239,2024-01-23,Delivered
259,259,2024-06-17,UPS,TRK959126,2024-06-19,Delivered
260,260,2024-07-19,DHL,TRK360921,2024-07-20,Pending
261,261,2024-10-09,FedEx,TRK999426,2024-10-15,Delivered
262,262,2023-11-14,UPS,TRK269867,2023-11-22,Shipped
263,263,2024-07-24,DHL,TRK975978,2024-07-26,Delivered
264,264,2024-01-21,FedEx,TRK423347,2024-01-24,Cancelled
265,265,2024-06-25,UPS,TRK849862,2024-06-30,Shipped
266,266,2024-10-27,DHL,TRK952116,2024-10-28,Shipped
267,267,2024-04-23,FedEx,TRK750829,2024-04-26,Shipped
268,268,2024-09-21,UPS,TRK777366,2024-09-27,Shipped
269,269,2024-05-18,DHL,TRK661250,2024-05-19,Pending
270,270,2023-12-17,FedEx,TRK342671,2023-12-19,Shipped
271,271,2024-06-01,UPS,TRK151164,2024-06-07,Delivered
272,272,2024-01-23,DHL,TRK725760,2024-01-27,Delivered
273,273,2024-09-09,FedEx,TRK337645,2024-09-15,Shipped
274,274,2024-10-09,UPS,TRK961231,2024-10-12,Delivered
275,275,2024-01-19,DHL,TRK454702,2024-01-24,Delivered
276,276,2024-01-20,FedEx,TRK742723,2024-01-25,Delivered
277,277,2023-12-08,UPS,TRK009431,2023-12-10,Delivered
278,278,2024-06-21,DHL,TRK659930,2024-06-29,Shipped
279,279,2024-04-03,FedEx,TRK165593,2024-04-08,Cancelled
280,280,2024-09-25,UPS,TRK766771,2024-10-01,Delivered
281,281,2023-12-27,DHL,TRK216708,2023-12-30,Shipped
282,282,2024-04-08,FedEx,TRK747963,2024-04-10,Shipped
283,283,2023-11-13,UPS,TRK083560,2023-11-17,Delivered
284,284,2024-07-18,DHL,TRK262287,2024-07-21,Delivered
285,285,2024-05-31,FedEx,TRK050171,2024-06-08,Shipped
286,286,2024-05-24,UPS,TRK693744,2024-05-28,Shipped
287,287,2024-06-11,DHL,TRK396776,2024-06-13,Pending
288,288,2024-03-05,FedEx,TRK673295,2024-03-08,Pending
289,289,2024-08-16,UPS,TRK329862,2024-08-21,Delivered
290,290,2024-05-09,DHL,TRK284736,2024-05-14,Delivered
291,291,2024-02-04,FedEx,TRK444141,2024-02-06,Delivered
292,292,2024-06-24,UPS,TRK109673,2024-06-28,Pending
293,293,2024-04-16,DHL,TRK361409,2024-04-17,Cancelled
294,294,2024-08-26,FedEx,TRK839025,2024-08-29,Pending
295,295,2024-10-05,UPS,TRK932379,2024-10-13,Cancelled
296,296,2024-06-09,DHL,TRK184044,2024-06-13,Shipped
297,297,2023-11-25,FedEx,TRK484527,2023-11-26,Pending
298,298,2024-11-03,UPS,TRK041950,2024-11-11,Delivered
299,299,2024-10-25,DHL,TRK273290,2024-11-02,Delivered
300,300,2024-03-28,FedEx,TRK533759,2024-04-02,Pending
301,301,2024-08-30,UPS,TRK611240,2024-09-06,Delivered
302,302,2024-02-14,DHL,TRK034046,2024-02-20,Delivered
303,303,2024-06-21,FedEx,TRK983766,2024-06-25,Shipped
304,304,2023-12-26,UPS,TRK618442,2024-01-02,Delivered
305,305,2024-04-11,DHL,TRK438086,2024-04-17,Delivered
306,306,2024-01-28,FedEx,TRK240590,2024-01-31,Pending
307,307,2024-09-13,UPS,TRK864558,2024-09-15,Delivered
308,308,2024-04-26,DHL,TRK001041,2024-05-02,Cancelled
309,309,2024-03-20,FedEx,TRK640405,2024-03-24,Delivered
310,310,2024-08-02,UPS,TRK902383,2024-08-07,Shipped
311,311,2024-02-20,DHL,TRK322376,2024-02-27,Shipped
312,312,2023-11-25,FedEx,TRK145267,2023-12-02,Delivered
313,313,2024-01-19,UPS,TRK188241,2024-01-24,Shipped
314,314,2024-01-01,DHL,TRK535982,2024-01-02,Pending
315,315,2024-09-25,FedEx,TRK111101,2024-09-30,Delivered
316,316,2024-02-10,UPS,TRK811055,2024-02-17,Shipped
317,317,2023-12-21,DHL,TRK812878,2023-12-24,Pending
318,318,2024-05-04,FedEx,TRK144233,2024-05-08,Delivered
319,319,2024-05-27,UPS,TRK869898,2024-05-31,Delivered
320,320,2024-09-21,DHL,TRK600618,2024-09-29,Delivered
321,321,2024-06-28,FedEx,TRK177368,2024-06-29,Shipped
322,322,2023-11-12,UPS,TRK080452,2023-11-17,Pending
323,323,2024-04-17,DHL,TRK517821,2024-04-19,Shipped
324,324,2024-02-08,FedEx,TRK018312,2024-02-14,Delivered
325,325,2024-02-27,UPS,TRK691409,2024-03-02,Delivered
326,326,2024-09-13,DHL,TRK234014,2024-09-14,Shipped
327,327,2024-02-10,FedEx,TRK500776,2024-02-14,Shipped
328,328,2023-12-16,UPS,TRK298029,2023-12-23,Delivered
329,329,2024-06-15,DHL,TRK455071,2024-06-18,Shipped
330,330,2024-03-19,FedEx,TRK565241,2024-03-20,Shipped
331,331,2024-05-15,UPS,TRK083094,2024-05-16,Shipped
332,332,2024-08-08,DHL,TRK847279,2024-08-14,Pending
333,333,2024-01-11,FedEx,TRK820122,2024-01-12,Pending
334,334,2024-03-29,UPS,TRK626160,2024-04-05,Delivered
335,335,2024-01-06,DHL,TRK692917,2024-01-13,Shipped
336,336,2024-08-09,FedEx,TRK284872,2024-08-15,Delivered
337,337,2024-04-27,UPS,TRK146916,2024-04-30,Shipped
338,338,2024-06-09,DHL,TRK405947,2024-06-17,Delivered
339,339,2024-02-06,FedEx,TRK378018,2024-02-10,Shipped
340,340,2024-02-03,UPS,TRK744530,2024-02-09,Shipped
341,341,2024-08-03,DHL,TRK900801,2024-08-08,Shipped
342,342,2024-02-19,FedEx,TRK616841,2024-02-24,Pending
343,343,2024-04-20,UPS,TRK951128,2024-04-23,Delivered
344,344,2024-05-31,DHL,TRK513880,2024-06-05,Delivered
345,345,2024-02-03,FedEx,TRK095420,2024-02-08,Shipped
346,346,2024-10-25,UPS,TRK964826,2024-10-31,Delivered
347,347,2024-10-11,DHL,TRK934226,2024-10-14,Shipped
348,348,2024-02-24,FedEx,TRK818166,2024-02-25,Shipped
349,349,2024-08-19,UPS,TRK485810,2024-08-25,Shipped
350,350,2023-11-17,DHL,TRK993833,2023-11-23,Shipped
351,351,2023-12-22,FedEx,TRK680472,2023-12-28,Pending
352,352,2024-09-01,UPS,TRK551722,2024-09-08,Pending
353,353,2024-08-06,DHL,TRK296346,2024-08-09,Pending
354,354,2024-06-03,FedEx,TRK999761,2024-06-10,Delivered
355,355,2024-08-04,UPS,TRK451832,2024-08-11,Shipped
356,356,2024-05-10,DHL,TRK214430,2024-05-11,Delivered
357,357,2023-12-17,FedEx,TRK789699,2023-12-20,Delivered
358,358,2024-05-25,UPS,TRK480191,2024-05-27,Shipped
359,359,2024-04-19,DHL,TRK369578,2024-04-27,Pending
360,360,2024-02-20,FedEx,TRK035018,2024-02-27,Delivered
361,361,2024-10-26,UPS,TRK066115,2024-11-01,Delivered
362,362,2024-05-04,DHL,TRK535727,2024-05-07,Pending
363,363,2024-01-16,FedEx,TRK780825,2024-01-22,Shipped
364,364,2024-06-03,UPS,TRK955755,2024-06-06,Delivered
365,365,2024-10-05,DHL,TRK386156,2024-10-12,Delivered
366,366,2024-01-20,FedEx,TRK323270,2024-01-25,Cancelled
367,367,2024-04-18,UPS,TRK955771,2024-04-22,Delivered
368,368,2024-05-13,DHL,TRK184151,2024-05-20,Pending
369,369,2024-04-18,FedEx,TRK280390,2024-04-19,Shipped
370,370,2024-05-22,UPS,TRK993058,2024-05-29,Shipped
371,371,2024-04-08,DHL,TRK576455,2024-04-10,Pending
372,372,2023-12-16,FedEx,TRK244697,2023-12-24,Pending
373,373,2024-06-14,UPS,TRK477320,2024-06-21,Pending
374,374,2024-04-26,DHL,TRK537732,2024-04-28,Shipped
375,375,2024-11-04,FedEx,TRK406136,2024-11-08,Delivered
376,376,2024-01-27,UPS,TRK883729,2024-01-31,Shipped
377,377,2024-04-17,DHL,TRK944081,2024-04-20,Shipped
378,378,2024-01-01,FedEx,TRK048693,2024-01-06,Pending
379,379,2024-10-12,UPS,TRK545706,2024-10-19,Shipped
380,380,2024-09-28,DHL,TRK348239,2024-10-02,Delivered
381,381,2023-12-11,FedEx,TRK999529,2023-12-13,Shipped
382,382,2024-04-27,UPS,TRK502526,2024-04-29,Shipped
383,383,2024-08-31,DHL,TRK995106,2024-09-03,Pending
384,384,2023-12-26,FedEx,TRK585814,2023-12-29,Shipped
385,385,2024-07-27,UPS,TRK495246,2024-07-30,Shipped
386,386,2024-01-30,DHL,TRK403171,2024-02-04,Delivered
387,387,2024-06-22,FedEx,TRK091888,2024-06-29,Pending
388,388,2024-01-25,UPS,TRK614430,2024-01-30,Delivered
389,389,2024-10-12,DHL,TRK667677,2024-10-16,Delivered
390,390,2024-02-19,FedEx,TRK900704,2024-02-23,Delivered
391,391,2024-06-30,UPS,TRK254989,2024-07-04,Shipped
392,392,2024-02-21,DHL,TRK916014,2024-02-26,Pending
393,393,2024-03-14,FedEx,TRK713606,2024-03-18,Pending
394,394,2024-01-27,UPS,TRK527199,2024-02-03,Delivered
395,395,2024-10-07,DHL,TRK910872,2024-10-12,Delivered
396,396,2024-11-02,FedEx,TRK291084,2024-11-05,Shipped
397,397,2024-02-16,UPS,TRK690238,2024-02-19,Shipped
398,398,2024-08-29,DHL,TRK523724,2024-08-30,Delivered
399,399,2024-08-22,FedEx,TRK485851,2024-08-23,Pending
400,400,2024-06-14,UPS,TRK812509,2024-06-18,Delivered
401,401,2024-08-17,DHL,TRK584033,2024-08-21,Delivered
402,402,2024-01-14,FedEx,TRK534476,2024-01-16,Pending
403,403,2024-10-27,UPS,TRK073745,2024-10-28,Shipped
404,404,2024-03-20,DHL,TRK379041,2024-03-23,Delivered
405,405,2024-02-16,FedEx,TRK019686,2024-02-22,Pending
406,406,2024-06-09,UPS,TRK768714,2024-06-14,Pending
407,407,2024-04-27,DHL,TRK670474,2024-05-01,Pending
408,408,2023-12-28,FedEx,TRK225050,2023-12-31,Delivered
409,409,2024-06-20,UPS,TRK461550,2024-06-22,Shipped
410,410,2024-10-15,DHL,TRK671768,2024-10-22,Shipped
411,411,2024-02-20,FedEx,TRK662236,2024-02-21,Delivered
412,412,2024-10-10,UPS,TRK798441,2024-10-18,Delivered
413,413,2024-08-05,DHL,TRK675081,2024-08-07,Shipped
414,414,2024-07-09,FedEx,TRK943611,2024-07-15,Shipped
415,415,2024-07-20,UPS,TRK929734,2024-07-27,Pending
416,416,2024-05-21,DHL,TRK600365,2024-05-25,Shipped
417,417,2024-04-04,FedEx,TRK622031,2024-04-09,Shipped
418,418,2024-01-27,UPS,TRK678843,2024-02-01,Cancelled
419,419,2024-01-06,DHL,TRK269342,2024-01-09,Pending
420,420,2024-09-25,FedEx,TRK351957,2024-09-29,Shipped
421,421,2024-07-15,UPS,TRK311170,2024-07-17,Pending
422,422,2024-08-04,DHL,TRK626183,2024-08-07,Delivered
423,423,2024-01-14,FedEx,TRK259022,2024-01-20,Shipped
424,424,2024-08-08,UPS,TRK924084,2024-08-11,Delivered
425,425,2024-07-23,DHL,TRK706699,2024-07-30,Delivered
426,426,2024-01-04,FedEx,TRK642088,2024-01-05,Pending
427,427,2024-08-03,UPS,TRK269438,2024-08-07,Cancelled
428,428,2024-08-26,DHL,TRK275277,2024-08-31,Shipped
429,429,2024-10-24,FedEx,TRK655388,2024-10-30,Delivered
430,430,2024-03-07,UPS,TRK203139,2024-03-14,Pending
431,431,2024-06-16,DHL,TRK773110,2024-06-22,Shipped
432,432,2024-01-31,FedEx,TRK488158,2024-02-05,Delivered
433,433,2024-05-24,UPS,TRK280799,2024-05-26,Delivered
434,434,2024-04-11,DHL,TRK556815,2024-04-16,Delivered
435,435,2024-06-27,FedEx,TRK340641,2024-06-30,Delivered
436,436,2024-09-23,UPS,TRK773942,2024-10-01,Delivered
437,437,2024-07-18,DHL,TRK496847,2024-07-22,Shipped
438,438,2024-01-21,FedEx,TRK245438,2024-01-24,Pending
439,439,2024-09-13,UPS,TRK455117,2024-09-15,Shipped
440,440,2024-07-25,DHL,TRK958649,2024-08-01,Shipped
441,441,2024-04-27,FedEx,TRK202721,2024-04-30,Shipped
442,442,2023-12-28,UPS,TRK485031,2024-01-04,Delivered
443,443,2024-08-13,DHL,TRK450288,2024-08-15,Pending
444,444,2024-02-17,FedEx,TRK892758,2024-02-18,Delivered
445,445,2024-09-16,UPS,TRK731193,2024-09-20,Pending
446,446,2024-06-29,DHL,TRK617617,2024-07-06,Pending
447,447,2024-05-26,FedEx,TRK448368,2024-05-29,Shipped
448,448,2024-04-23,UPS,TRK932532,2024-04-26,Delivered
449,449,2024-08-11,DHL,TRK168148,2024-08-15,Pending
450,450,2024-09-06,FedEx,TRK897073,2024-09-11,Shipped
451,451,2024-02-11,UPS,TRK672360,2024-02-15,Delivered
452,452,2023-12-23,DHL,TRK946833,2023-12-29,Delivered
453,453,2024-07-22,FedEx,TRK926699,2024-07-29,Shipped
454,454,2024-08-10,UPS,TRK226053,2024-08-12,Delivered
455,455,2024-08-17,DHL,TRK947783,2024-08-19,Shipped
456,456,2024-02-04,FedEx,TRK308298,2024-02-11,Shipped
457,457,2024-08-30,UPS,TRK328829,2024-09-04,Delivered
458,458,2024-07-12,DHL,TRK396211,2024-07-20,Shipped
459,459,2024-07-31,FedEx,TRK115558,2024-08-03,Shipped
460,460,2024-08-12,UPS,TRK795317,2024-08-18,Shipped
461,461,2024-02-08,DHL,TRK946614,2024-02-13,Shipped
462,462,2024-10-26,FedEx,TRK744128,2024-10-31,Pending
463,463,2024-01-24,UPS,TRK576158,2024-01-31,Delivered
464,464,2024-03-01,DHL,TRK395116,2024-03-03,Delivered
465,465,2024-09-20,FedEx,TRK664458,2024-09-27,Shipped
466,466,2024-01-01,UPS,TRK845206,2024-01-04,Delivered
467,467,2024-02-03,DHL,TRK765302,2024-02-10,Delivered
468,468,2023-12-20,FedEx,TRK584670,2023-12-25,Delivered
469,469,2023-12-23,UPS,TRK430705,2023-12-30,Shipped
470,470,2024-02-14,DHL,TRK059592,2024-02-21,Delivered
471,471,2024-06-14,FedEx,TRK818794,2024-06-21,Shipped
472,472,2023-11-20,UPS,TRK065834,2023-11-25,Shipped
473,473,2024-04-20,DHL,TRK946837,2024-04-22,Pending
474,474,2024-10-05,FedEx,TRK957898,2024-10-12,Shipped
475,475,2024-10-27,UPS,TRK062814,2024-10-31,Shipped
476,476,2024-01-16,DHL,TRK704316,2024-01-23,Delivered
477,477,2024-03-25,FedEx,TRK408374,2024-03-28,Delivered
478,478,2024-02-17,UPS,TRK659382,2024-02-22,Shipped
479,479,2024-02-18,DHL,TRK108712,2024-02-19,Shipped
480,480,2024-03-14,FedEx,TRK166691,2024-03-21,Pending
481,481,2024-06-18,UPS,TRK074698,2024-06-25,Shipped
482,482,2024-04-18,DHL,TRK300336,2024-04-21,Shipped
483,483,2024-08-14,FedEx,TRK255762,2024-08-16,Shipped
484,484,2024-06-26,UPS,TRK871671,2024-07-03,Shipped
485,485,2023-11-13,DHL,TRK463643,2023-11-15,Shipped
486,486,2024-05-26,FedEx,TRK514824,2024-05-31,Delivered
487,487,2024-05-08,UPS,TRK505308,2024-05-13,Cancelled
488,488,2024-07-26,DHL,TRK287855,2024-08-02,Shipped
489,489,2024-07-09,FedEx,TRK615781,2024-07-15,Shipped
490,490,2024-09-28,UPS,TRK505320,2024-10-02,Delivered
491,491,2024-01-30,DHL,TRK655294,2024-02-06,Shipped
492,492,2023-12-01,FedEx,TRK916851,2023-12-06,Shipped
493,493,2024-07-10,UPS,TRK007045,2024-07-14,Delivered
494,494,2024-03-21,DHL,TRK848018,2024-03-26,Delivered
495,495,2023-11-18,FedEx,TRK330029,2023-11-25,Delivered
496,496,2024-04-24,UPS,TRK148495,2024-04-26,Shipped
497,497,2024-09-15,DHL,TRK742389,2024-09-16,Shipped
498,498,2024-03-04,FedEx,TRK561633,2024-03-09,Delivered
499,499,2024-08-30,UPS,TRK937359,2024-09-06,Shipped
500,500,2024-08-21,DHL,TRK138357,2024-08-23,Delivered
501,501,2023-12-22,FedEx,TRK551386,2023-12-27,Delivered
502,502,2024-09-16,UPS,TRK416111,2024-09-24,Pending
503,503,2024-09-16,DHL,TRK582317,2024-09-19,Pending
504,504,2024-07-13,FedEx,TRK855137,2024-07-19,Pending
505,505,2024-05-04,UPS,TRK038585,2024-05-09,Shipped
506,506,2024-06-05,DHL,TRK324150,2024-06-09,Shipped
507,507,2024-01-02,FedEx,TRK750772,2024-01-07,Shipped
508,508,2024-08-12,UPS,TRK826574,2024-08-14,Delivered
509,509,2024-04-06,DHL,TRK679822,2024-04-11,Shipped
510,510,2024-07-24,FedEx,TRK051505,2024-07-26,Shipped
511,511,2024-08-22,UPS,TRK795363,2024-08-30,Delivered
512,512,2024-06-26,DHL,TRK062489,2024-07-04,Shipped
513,513,2024-07-03,FedEx,TRK109602,2024-07-04,Shipped
514,514,2024-05-05,UPS,TRK650740,2024-05-11,Shipped
515,515,2024-09-29,DHL,TRK976110,2024-10-03,Delivered
516,516,2024-01-11,FedEx,TRK161006,2024-01-12,Pending
517,517,2024-09-15,UPS,TRK137754,2024-09-18,Delivered
518,518,2024-06-09,DHL,TRK036134,2024-06-11,Delivered
519,519,2024-08-31,FedEx,TRK411852,2024-09-01,Cancelled
520,520,2023-12-27,UPS,TRK058639,2024-01-02,Delivered
521,521,2024-03-04,DHL,TRK530305,2024-03-08,Pending
522,522,2024-06-07,FedEx,TRK892262,2024-06-09,Delivered
523,523,2024-03-04,UPS,TRK870949,2024-03-06,Delivered
524,524,2024-05-15,DHL,TRK457453,2024-05-17,Delivered
525,525,2024-04-27,FedEx,TRK641635,2024-05-05,Pending
526,526,2024-05-19,UPS,TRK897073,2024-05-24,Delivered
527,527,2023-12-24,DHL,TRK381248,2023-12-27,Shipped
528,528,2023-12-12,FedEx,TRK609197,2023-12-16,Shipped
529,529,2024-09-07,UPS,TRK392546,2024-09-14,Shipped
530,530,2024-09-22,DHL,TRK201296,2024-09-24,Pending
531,531,2024-08-21,FedEx,TRK175199,2024-08-28,Pending
532,532,2024-01-05,UPS,TRK688894,2024-01-07,Delivered
533,533,2024-10-18,DHL,TRK228468,2024-10-24,Delivered
534,534,2024-09-10,FedEx,TRK069062,2024-09-17,Shipped
535,535,2024-07-20,UPS,TRK554156,2024-07-27,Pending
536,536,2024-10-28,DHL,TRK749840,2024-11-02,Delivered
537,537,2024-07-11,FedEx,TRK145231,2024-07-12,Delivered
538,538,2024-02-26,UPS,TRK734755,2024-02-28,Shipped
539,539,2024-01-09,DHL,TRK037960,2024-01-13,Pending
540,540,2024-02-06,FedEx,TRK535165,2024-02-08,Shipped
541,541,2024-07-16,UPS,TRK770539,2024-07-23,Cancelled
542,542,2024-03-05,DHL,TRK784688,2024-03-10,Shipped
543,543,2024-04-08,FedEx,TRK597141,2024-04-15,Shipped
544,544,2024-04-21,UPS,TRK998471,2024-04-29,Delivered
545,545,2023-12-24,DHL,TRK854191,2023-12-26,Shipped
546,546,2024-09-29,FedEx,TRK050308,2024-10-03,Shipped
547,547,2024-01-23,UPS,TRK447263,2024-01-29,Cancelled
548,548,2024-01-28,DHL,TRK411773,2024-02-04,Pending
549,549,2024-01-08,FedEx,TRK344782,2024-01-11,Pending
550,550,2024-01-04,UPS,TRK665132,2024-01-09,Shipped
551,551,2024-09-16,DHL,TRK824969,2024-09-22,Cancelled
552,552,2024-03-09,FedEx,TRK361597,2024-03-13,Delivered
553,553,2024-04-18,UPS,TRK175758,2024-04-21,Shipped
554,554,2024-09-21,DHL,TRK343650,2024-09-28,Shipped
555,555,2024-07-02,FedEx,TRK405249,2024-07-06,Delivered
556,556,2024-10-05,UPS,TRK115789,2024-10-10,Pending
557,557,2024-05-02,DHL,TRK617376,2024-05-09,Shipped
558,558,2024-10-13,FedEx,TRK704326,2024-10-18,Delivered
559,559,2024-04-23,UPS,TRK496525,2024-04-28,Shipped
560,560,2024-07-04,DHL,TRK003480,2024-07-08,Delivered
561,561,2023-12-01,FedEx,TRK388658,2023-12-07,Delivered
562,562,2024-09-09,UPS,TRK231583,2024-09-14,Pending
563,563,2024-01-22,DHL,TRK793924,2024-01-25,Shipped
564,564,2023-12-28,FedEx,TRK661961,2023-12-30,Cancelled
565,565,2024-05-31,UPS,TRK787575,2024-06-04,Delivered
566,566,2024-06-13,DHL,TRK479733,2024-06-20,Delivered
567,567,2024-06-02,FedEx,TRK553483,2024-06-06,Pending
568,568,2024-01-18,UPS,TRK754856,2024-01-23,Delivered
569,569,2024-08-15,DHL,TRK188830,2024-08-20,Delivered
570,570,2024-05-20,FedEx,TRK738336,2024-05-22,Delivered
571,571,2024-01-24,UPS,TRK479274,2024-01-30,Delivered
572,572,2024-03-29,DHL,TRK586086,2024-04-05,Delivered
573,573,2023-12-18,FedEx,TRK092660,2023-12-21,Shipped
574,574,2024-09-25,UPS,TRK775578,2024-10-01,Pending
575,575,2024-09-30,DHL,TRK402826,2024-10-06,Shipped
576,576,2023-11-22,FedEx,TRK405064,2023-11-30,Shipped
577,577,2024-04-30,UPS,TRK270678,2024-05-03,Delivered
578,578,2024-05-18,DHL,TRK481441,2024-05-23,Shipped
579,579,2024-02-03,FedEx,TRK972451,2024-02-09,Pending
580,580,2024-03-12,UPS,TRK436259,2024-03-16,Shipped
581,581,2024-07-08,DHL,TRK012523,2024-07-10,Shipped
582,582,2024-10-12,FedEx,TRK294265,2024-10-19,Pending
583,583,2024-06-22,UPS,TRK447411,2024-06-24,Shipped
584,584,2023-12-13,DHL,TRK705054,2023-12-19,Shipped
585,585,2024-05-30,FedEx,TRK547488,2024-06-01,Shipped
586,586,2024-03-26,UPS,TRK474169,2024-03-27,Shipped
587,587,2024-09-20,DHL,TRK823284,2024-09-22,Delivered
588,588,2024-01-23,FedEx,TRK005695,2024-01-27,Delivered
589,589,2023-12-03,UPS,TRK280480,2023-12-07,Pending
590,590,2024-03-17,DHL,TRK310477,2024-03-22,Delivered
591,591,2024-08-30,FedEx,TRK357247,2024-09-06,Shipped
592,592,2024-09-13,UPS,TRK677767,2024-09-18,Shipped
593,593,2024-03-23,DHL,TRK505708,2024-03-25,Delivered
594,594,2024-01-28,FedEx,TRK006552,2024-01-30,Pending
595,595,2024-09-30,UPS,TRK070244,2024-10-03,Shipped
596,596,2024-07-25,DHL,TRK489769,2024-08-01,Cancelled
597,597,2024-08-12,FedEx,TRK248923,2024-08-17,Shipped
598,598,2024-10-24,UPS,TRK545214,2024-10-28,Pending
599,599,2024-03-14,DHL,TRK279330,2024-03-20,Delivered
600,600,2024-10-29,FedEx,TRK376407,2024-10-31,Delivered
601,601,2023-11-30,UPS,TRK488965,2023-12-06,Pending
602,602,2024-09-14,DHL,TRK922301,2024-09-18,Pending
603,603,2024-03-16,FedEx,TRK434751,2024-03-20,Delivered
604,604,2024-07-28,UPS,TRK275593,2024-08-01,Delivered
605,605,2024-05-02,DHL,TRK233332,2024-05-03,Delivered
606,606,2024-06-08,FedEx,TRK202410,2024-06-12,Delivered
607,607,2024-11-04,UPS,TRK949631,2024-11-06,Pending
608,608,2024-04-14,DHL,TRK462005,2024-04-20,Shipped
609,609,2024-05-06,FedEx,TRK031157,2024-05-13,Pending
610,610,2024-05-19,UPS,TRK909073,2024-05-27,Shipped
611,611,2024-05-01,DHL,TRK724543,2024-05-06,Pending
612,612,2024-02-22,FedEx,TRK730181,2024-02-26,Shipped
613,613,2024-09-15,UPS,TRK172299,2024-09-21,Pending
614,614,2024-10-19,DHL,TRK769063,2024-10-21,Shipped
615,615,2023-12-25,FedEx,TRK477397,2023-12-30,Pending
616,616,2024-05-08,UPS,TRK806462,2024-05-15,Shipped
617,617,2024-03-21,DHL,TRK252673,2024-03-27,Delivered
618,618,2023-12-31,FedEx,TRK563983,2024-01-03,Delivered
619,619,2024-05-18,UPS,TRK721979,2024-05-24,Shipped
620,620,2024-10-05,DHL,TRK573167,2024-10-06,Pending
621,621,2024-02-06,FedEx,TRK022701,2024-02-10,Delivered
622,622,2024-08-26,UPS,TRK516645,2024-09-01,Delivered
623,623,2024-10-29,DHL,TRK197783,2024-10-31,Delivered
624,624,2024-03-06,FedEx,TRK696642,2024-03-10,Delivered
625,625,2024-02-29,UPS,TRK103172,2024-03-07,Pending
626,626,2024-10-12,DHL,TRK897073,2024-10-17,Shipped
627,627,2024-07-16,FedEx,TRK925953,2024-07-21,Delivered
628,628,2024-11-03,UPS,TRK001217,2024-11-07,Shipped
629,629,2024-08-28,DHL,TRK758999,2024-09-01,Pending
630,630,2024-08-26,FedEx,TRK677248,2024-08-28,Pending
631,631,2024-02-22,UPS,TRK007128,2024-02-24,Delivered
632,632,2024-05-26,DHL,TRK112602,2024-05-30,Shipped
633,633,2024-01-05,FedEx,TRK156744,2024-01-12,Shipped
634,634,2024-01-16,UPS,TRK425967,2024-01-21,Pending
635,635,2024-06-24,DHL,TRK614962,2024-06-27,Pending
636,636,2024-03-29,FedEx,TRK707533,2024-03-30,Delivered
637,637,2024-10-14,UPS,TRK920093,2024-10-16,Delivered
638,638,2024-06-08,DHL,TRK558088,2024-06-12,Pending
639,639,2024-08-03,FedEx,TRK375533,2024-08-07,Cancelled
640,640,2024-01-21,UPS,TRK681986,2024-01-28,Pending
641,641,2024-10-15,DHL,TRK314372,2024-10-18,Pending
642,642,2024-01-25,FedEx,TRK848162,2024-01-26,Delivered
643,643,2023-11-19,UPS,TRK173597,2023-11-20,Cancelled
644,644,2024-08-18,DHL,TRK875253,2024-08-23,Pending
645,645,2024-05-06,FedEx,TRK883816,2024-05-07,Delivered
646,646,2024-05-02,UPS,TRK932150,2024-05-04,Shipped
647,647,2023-12-17,DHL,TRK462896,2023-12-18,Pending
648,648,2024-04-17,FedEx,TRK021641,2024-04-25,Delivered
649,649,2024-08-27,UPS,TRK941818,2024-08-31,Shipped
650,650,2024-05-05,DHL,TRK640375,2024-05-10,Delivered
651,651,2024-04-29,FedEx,TRK161003,2024-05-07,Shipped
652,652,2024-08-13,UPS,TRK796933,2024-08-16,Shipped
653,653,2024-02-28,DHL,TRK134370,2024-03-04,Delivered
654,654,2024-07-01,FedEx,TRK999171,2024-07-07,Shipped
655,655,2024-08-10,UPS,TRK410898,2024-08-13,Shipped
656,656,2024-08-16,DHL,TRK697896,2024-08-24,Delivered
657,657,2023-12-30,FedEx,TRK928500,2023-12-31,Shipped
658,658,2024-10-30,UPS,TRK118650,2024-11-03,Delivered
659,659,2024-05-01,DHL,TRK728239,2024-05-05,Pending
660,660,2024-09-17,FedEx,TRK073500,2024-09-20,Shipped
661,661,2024-02-24,UPS,TRK210404,2024-02-29,Delivered
662,662,2024-08-30,DHL,TRK594890,2024-09-05,Shipped
663,663,2024-10-12,FedEx,TRK376743,2024-10-17,Pending
664,664,2024-09-29,UPS,TRK224462,2024-10-01,Shipped
665,665,2024-09-15,DHL,TRK656920,2024-09-16,Pending
666,666,2024-06-16,FedEx,TRK917510,2024-06-20,Pending
667,667,2024-06-13,UPS,TRK630880,2024-06-17,Delivered
668,668,2024-07-25,DHL,TRK507937,2024-07-27,Shipped
669,669,2024-04-18,FedEx,TRK725082,2024-04-19,Delivered
670,670,2024-01-18,UPS,TRK139100,2024-01-24,Shipped
671,671,2024-10-31,DHL,TRK222009,2024-11-07,Pending
672,672,2024-05-30,FedEx,TRK808266,2024-06-02,Shipped
673,673,2024-07-04,UPS,TRK829750,2024-07-12,Delivered
674,674,2023-12-02,DHL,TRK000056,2023-12-06,Shipped
675,675,2024-07-10,FedEx,TRK871018,2024-07-18,Pending
676,676,2024-08-27,UPS,TRK536686,2024-08-30,Delivered
677,677,2024-09-22,DHL,TRK495508,2024-09-28,Pending
678,678,2024-05-23,FedEx,TRK801807,2024-05-28,Delivered
679,679,2024-05-21,UPS,TRK820019,2024-05-23,Shipped
680,680,2023-11-11,DHL,TRK745400,2023-11-12,Pending
681,681,2023-11-22,FedEx,TRK089177,2023-11-27,Delivered
682,682,2024-04-16,UPS,TRK271292,2024-04-19,Pending
683,683,2024-09-25,DHL,TRK551900,2024-09-30,Shipped
684,684,2023-11-18,FedEx,TRK628969,2023-11-26,Delivered
685,685,2024-08-25,UPS,TRK496667,2024-08-26,Shipped
686,686,2023-11-13,DHL,TRK564988,2023-11-20,Pending
687,687,2024-10-02,FedEx,TRK204544,2024-10-07,Shipped
688,688,2023-11-20,UPS,TRK817751,2023-11-26,Shipped
689,689,2024-09-08,DHL,TRK880339,2024-09-10,Shipped
690,690,2023-11-18,FedEx,TRK083005,2023-11-23,Pending
691,691,2024-08-14,UPS,TRK815757,2024-08-15,Shipped
692,692,2024-06-13,DHL,TRK615991,2024-06-18,Delivered
693,693,2024-06-19,FedEx,TRK344733,2024-06-25,Delivered
694,694,2024-10-29,UPS,TRK896436,2024-11-02,Cancelled
695,695,2024-04-11,DHL,TRK310821,2024-04-15,Shipped
696,696,2024-07-25,FedEx,TRK681024,2024-07-30,Pending
697,697,2024-04-20,UPS,TRK805107,2024-04-23,Pending
698,698,2024-04-08,DHL,TRK526035,2024-04-09,Delivered
699,699,2023-12-14,FedEx,TRK992930,2023-12-22,Shipped
700,700,2024-02-08,UPS,TRK995933,2024-02-10,Delivered
701,701,2024-07-16,DHL,TRK336913,2024-07-22,Delivered
702,702,2024-06-14,FedEx,TRK017226,2024-06-19,Cancelled
703,703,2024-04-22,UPS,TRK163587,2024-04-26,Delivered
704,704,2023-12-03,DHL,TRK292600,2023-12-05,Pending
705,705,2024-07-04,FedEx,TRK752824,2024-07-06,Delivered
706,706,2023-12-07,UPS,TRK535762,2023-12-15,Delivered
707,707,2024-08-06,DHL,TRK533416,2024-08-11,Shipped
708,708,2024-04-11,FedEx,TRK289943,2024-04-16,Delivered
709,709,2024-05-06,UPS,TRK051897,2024-05-10,Delivered
710,710,2023-11-08,DHL,TRK786402,2023-11-10,Pending
711,711,2023-12-01,FedEx,TRK097271,2023-12-03,Shipped
712,712,2024-08-14,UPS,TRK720411,2024-08-16,Shipped
713,713,2024-07-14,DHL,TRK893564,2024-07-21,Pending
714,714,2024-10-02,FedEx,TRK605008,2024-10-05,Pending
715,715,2023-11-24,UPS,TRK080249,2023-11-28,Pending
716,716,2023-11-30,DHL,TRK681251,2023-12-03,Delivered
717,717,2024-05-25,FedEx,TRK882746,2024-05-29,Shipped
718,718,2024-05-03,UPS,TRK661084,2024-05-05,Shipped
719,719,2024-03-24,DHL,TRK829479,2024-04-01,Shipped
720,720,2024-04-04,FedEx,TRK960210,2024-04-06,Pending
721,721,2024-09-14,UPS,TRK433032,2024-09-17,Pending
722,722,2023-12-21,DHL,TRK492176,2023-12-25,Pending
723,723,2024-04-21,FedEx,TRK134896,2024-04-27,Delivered
724,724,2023-11-26,UPS,TRK583917,2023-11-30,Shipped
725,725,2024-02-05,DHL,TRK915760,2024-02-09,Pending
726,726,2024-06-30,FedEx,TRK570489,2024-07-03,Shipped
727,727,2024-10-03,UPS,TRK353660,2024-10-08,Cancelled
728,728,2023-11-12,DHL,TRK428457,2023-11-18,Pending
729,729,2024-07-30,FedEx,TRK763160,2024-08-03,Pending
730,730,2024-05-08,UPS,TRK838315,2024-05-10,Shipped
731,731,2024-05-21,DHL,TRK138335,2024-05-25,Shipped
732,732,2024-03-07,FedEx,TRK859101,2024-03-13,Pending
733,733,2024-06-14,UPS,TRK749704,2024-06-22,Shipped
734,734,2024-07-01,DHL,TRK671038,2024-07-07,Pending
735,735,2024-05-27,FedEx,TRK481728,2024-05-31,Shipped
736,736,2024-07-30,UPS,TRK748099,2024-08-06,Delivered
737,737,2024-07-10,DHL,TRK493443,2024-07-15,Shipped
738,738,2024-08-30,FedEx,TRK063434,2024-09-02,Shipped
739,739,2024-01-09,UPS,TRK518609,2024-01-14,Shipped
740,740,2024-03-30,DHL,TRK084053,2024-03-31,Pending
741,741,2024-08-15,FedEx,TRK068398,2024-08-21,Pending
742,742,2024-08-31,UPS,TRK856260,2024-09-05,Shipped
743,743,2024-05-01,DHL,TRK924466,2024-05-06,Shipped
744,744,2024-07-19,FedEx,TRK347367,2024-07-25,Delivered
745,745,2024-01-22,UPS,TRK667019,2024-01-23,Shipped
746,746,2024-09-08,DHL,TRK778524,2024-09-15,Shipped
747,747,2024-04-24,FedEx,TRK872460,2024-04-27,Delivered
748,748,2024-09-21,UPS,TRK022468,2024-09-26,Pending
749,749,2024-02-13,DHL,TRK551353,2024-02-20,Delivered
750,750,2024-04-07,FedEx,TRK864090,2024-04-08,Delivered
751,751,2024-05-21,UPS,TRK681090,2024-05-29,Delivered
752,752,2024-07-02,DHL,TRK408463,2024-07-10,Pending
753,753,2023-11-20,FedEx,TRK432069,2023-11-22,Shipped
754,754,2024-07-14,UPS,TRK542156,2024-07-18,Delivered
755,755,2024-01-30,DHL,TRK955243,2024-02-07,Shipped
756,756,2024-07-23,FedEx,TRK224157,2024-07-25,Delivered
757,757,2024-05-30,UPS,TRK170270,2024-06-07,Cancelled
758,758,2023-11-12,DHL,TRK193975,2023-11-18,Shipped
759,759,2024-07-25,FedEx,TRK951645,2024-07-31,Shipped
760,760,2024-10-08,UPS,TRK033920,2024-10-13,Shipped
761,761,2023-12-02,DHL,TRK808068,2023-12-09,Pending
762,762,2024-06-23,FedEx,TRK605866,2024-06-27,Shipped
763,763,2023-12-20,UPS,TRK822471,2023-12-21,Shipped
764,764,2023-12-27,DHL,TRK324083,2023-12-31,Delivered
765,765,2024-01-13,FedEx,TRK891251,2024-01-18,Pending
766,766,2024-05-15,UPS,TRK298256,2024-05-17,Shipped
767,767,2024-03-02,DHL,TRK541514,2024-03-05,Pending
768,768,2024-11-01,FedEx,TRK317042,2024-11-07,Delivered
769,769,2024-02-20,UPS,TRK446841,2024-02-23,Shipped
770,770,2024-06-03,DHL,TRK929711,2024-06-06,Pending
771,771,2024-03-31,FedEx,TRK882067,2024-04-03,Pending
1226,1226,2024-07-17,DHL,TRK052253,2024-07-24,Pending
772,772,2024-03-15,UPS,TRK678703,2024-03-18,Delivered
773,773,2023-12-12,DHL,TRK528683,2023-12-19,Shipped
774,774,2024-05-08,FedEx,TRK187766,2024-05-12,Pending
775,775,2024-01-30,UPS,TRK267259,2024-02-04,Delivered
776,776,2024-09-01,DHL,TRK571638,2024-09-06,Pending
777,777,2023-12-05,FedEx,TRK000419,2023-12-11,Delivered
778,778,2024-08-15,UPS,TRK024577,2024-08-21,Shipped
779,779,2023-12-15,DHL,TRK266197,2023-12-21,Delivered
780,780,2024-01-09,FedEx,TRK188032,2024-01-14,Shipped
781,781,2024-07-15,UPS,TRK062028,2024-07-21,Shipped
782,782,2023-12-14,DHL,TRK596032,2023-12-20,Delivered
783,783,2024-05-04,FedEx,TRK319149,2024-05-09,Shipped
784,784,2023-12-26,UPS,TRK646962,2023-12-28,Delivered
785,785,2024-06-12,DHL,TRK863817,2024-06-15,Delivered
786,786,2024-03-23,FedEx,TRK319671,2024-03-28,Delivered
787,787,2024-03-01,UPS,TRK362565,2024-03-02,Delivered
788,788,2024-03-22,DHL,TRK971840,2024-03-23,Shipped
789,789,2024-06-10,FedEx,TRK869220,2024-06-17,Delivered
790,790,2024-06-17,UPS,TRK410446,2024-06-23,Shipped
791,791,2024-07-06,DHL,TRK980817,2024-07-11,Pending
792,792,2023-12-14,FedEx,TRK262154,2023-12-20,Shipped
793,793,2023-12-29,UPS,TRK490592,2024-01-04,Delivered
794,794,2023-12-02,DHL,TRK149644,2023-12-09,Pending
795,795,2024-08-30,FedEx,TRK718801,2024-09-03,Shipped
796,796,2024-02-21,UPS,TRK227276,2024-02-27,Delivered
797,797,2024-09-25,DHL,TRK294980,2024-09-29,Delivered
798,798,2024-10-12,FedEx,TRK774462,2024-10-16,Delivered
799,799,2024-04-07,UPS,TRK851336,2024-04-15,Delivered
800,800,2024-03-06,DHL,TRK553551,2024-03-12,Shipped
801,801,2024-06-28,FedEx,TRK636346,2024-07-03,Delivered
802,802,2024-10-14,UPS,TRK492467,2024-10-21,Delivered
803,803,2024-10-09,DHL,TRK886843,2024-10-11,Delivered
804,804,2024-06-28,FedEx,TRK241193,2024-07-01,Shipped
805,805,2024-05-18,UPS,TRK437953,2024-05-22,Shipped
806,806,2024-02-20,DHL,TRK130055,2024-02-27,Delivered
807,807,2024-05-09,FedEx,TRK349824,2024-05-12,Delivered
808,808,2024-07-15,UPS,TRK670051,2024-07-23,Delivered
809,809,2023-12-15,DHL,TRK004821,2023-12-19,Delivered
810,810,2024-10-30,FedEx,TRK086531,2024-11-01,Delivered
811,811,2024-05-17,UPS,TRK331093,2024-05-25,Delivered
812,812,2024-03-11,DHL,TRK999174,2024-03-16,Pending
813,813,2023-11-16,FedEx,TRK222110,2023-11-18,Shipped
814,814,2024-05-13,UPS,TRK968370,2024-05-19,Delivered
815,815,2023-12-21,DHL,TRK467222,2023-12-28,Shipped
816,816,2024-06-15,FedEx,TRK404478,2024-06-22,Shipped
817,817,2024-02-25,UPS,TRK451333,2024-03-03,Delivered
818,818,2023-12-19,DHL,TRK149750,2023-12-21,Pending
819,819,2024-06-25,FedEx,TRK912507,2024-06-26,Pending
820,820,2024-04-19,UPS,TRK277163,2024-04-23,Pending
821,821,2024-03-27,DHL,TRK402154,2024-04-03,Pending
822,822,2024-02-22,FedEx,TRK958990,2024-02-28,Delivered
823,823,2024-04-13,UPS,TRK092014,2024-04-14,Delivered
824,824,2023-11-27,DHL,TRK268236,2023-12-01,Delivered
825,825,2024-08-01,FedEx,TRK292864,2024-08-07,Delivered
826,826,2023-12-27,UPS,TRK100991,2024-01-03,Shipped
827,827,2024-10-05,DHL,TRK389014,2024-10-06,Pending
828,828,2023-11-13,FedEx,TRK883329,2023-11-17,Shipped
829,829,2024-10-08,UPS,TRK840113,2024-10-12,Delivered
830,830,2024-08-18,DHL,TRK048095,2024-08-23,Delivered
831,831,2024-07-22,FedEx,TRK207214,2024-07-26,Delivered
832,832,2024-09-22,UPS,TRK933189,2024-09-25,Pending
833,833,2024-07-03,DHL,TRK251501,2024-07-04,Pending
834,834,2024-03-31,FedEx,TRK982830,2024-04-05,Shipped
835,835,2023-11-27,UPS,TRK626272,2023-12-05,Cancelled
836,836,2024-05-14,DHL,TRK767190,2024-05-19,Pending
837,837,2024-06-23,FedEx,TRK191934,2024-07-01,Cancelled
838,838,2024-02-20,UPS,TRK168943,2024-02-24,Shipped
839,839,2023-12-09,DHL,TRK172878,2023-12-16,Shipped
840,840,2023-12-28,FedEx,TRK132568,2024-01-04,Shipped
841,841,2024-05-29,UPS,TRK295255,2024-06-05,Shipped
842,842,2024-05-24,DHL,TRK302095,2024-05-25,Delivered
843,843,2024-03-27,FedEx,TRK805093,2024-04-02,Shipped
844,844,2024-06-28,UPS,TRK043226,2024-07-01,Delivered
845,845,2024-03-01,DHL,TRK354151,2024-03-03,Shipped
846,846,2024-04-16,FedEx,TRK334967,2024-04-20,Shipped
847,847,2023-12-05,UPS,TRK198365,2023-12-09,Delivered
848,848,2024-09-01,DHL,TRK609465,2024-09-06,Delivered
849,849,2024-08-03,FedEx,TRK244412,2024-08-06,Shipped
850,850,2024-10-18,UPS,TRK863331,2024-10-25,Delivered
851,851,2024-03-19,DHL,TRK403448,2024-03-21,Shipped
852,852,2024-04-05,FedEx,TRK067276,2024-04-06,Delivered
853,853,2024-03-21,UPS,TRK246828,2024-03-24,Delivered
854,854,2024-02-12,DHL,TRK723998,2024-02-18,Shipped
855,855,2024-04-02,FedEx,TRK054542,2024-04-07,Shipped
856,856,2024-01-10,UPS,TRK287845,2024-01-14,Delivered
857,857,2023-12-10,DHL,TRK318169,2023-12-13,Shipped
858,858,2024-08-24,FedEx,TRK774176,2024-08-26,Cancelled
859,859,2024-04-18,UPS,TRK510029,2024-04-25,Delivered
860,860,2024-01-16,DHL,TRK052296,2024-01-18,Pending
861,861,2024-02-18,FedEx,TRK698219,2024-02-19,Pending
862,862,2024-01-12,UPS,TRK388343,2024-01-16,Pending
863,863,2024-04-09,DHL,TRK587305,2024-04-16,Pending
864,864,2023-12-18,FedEx,TRK758164,2023-12-24,Delivered
865,865,2024-09-27,UPS,TRK743022,2024-09-29,Shipped
866,866,2023-11-22,DHL,TRK190599,2023-11-28,Shipped
867,867,2023-11-21,FedEx,TRK735836,2023-11-28,Pending
868,868,2024-01-11,UPS,TRK831119,2024-01-16,Shipped
869,869,2024-09-06,DHL,TRK169062,2024-09-07,Shipped
870,870,2024-02-01,FedEx,TRK190360,2024-02-03,Delivered
871,871,2024-09-06,UPS,TRK205907,2024-09-11,Shipped
872,872,2023-11-28,DHL,TRK605269,2023-12-05,Shipped
873,873,2024-01-16,FedEx,TRK088278,2024-01-22,Delivered
874,874,2024-10-25,UPS,TRK430165,2024-10-31,Shipped
875,875,2024-09-15,DHL,TRK678247,2024-09-17,Shipped
876,876,2024-04-09,FedEx,TRK880065,2024-04-13,Delivered
877,877,2024-06-24,UPS,TRK696466,2024-07-01,Shipped
878,878,2024-02-25,DHL,TRK545244,2024-02-29,Delivered
879,879,2024-07-02,FedEx,TRK545346,2024-07-06,Shipped
880,880,2024-10-02,UPS,TRK832713,2024-10-07,Delivered
881,881,2024-06-17,DHL,TRK620196,2024-06-22,Pending
882,882,2024-02-23,FedEx,TRK107238,2024-02-28,Delivered
883,883,2024-09-17,UPS,TRK263650,2024-09-23,Delivered
884,884,2024-07-31,DHL,TRK430996,2024-08-07,Delivered
885,885,2024-04-23,FedEx,TRK887656,2024-04-24,Delivered
886,886,2024-09-12,UPS,TRK316833,2024-09-19,Pending
887,887,2024-08-11,DHL,TRK906323,2024-08-14,Shipped
888,888,2024-03-25,FedEx,TRK839881,2024-03-30,Shipped
889,889,2024-10-14,UPS,TRK127044,2024-10-22,Delivered
890,890,2024-08-20,DHL,TRK350937,2024-08-23,Pending
891,891,2024-06-25,FedEx,TRK496833,2024-06-30,Delivered
892,892,2024-03-18,UPS,TRK082358,2024-03-23,Delivered
893,893,2024-01-12,DHL,TRK453309,2024-01-16,Shipped
894,894,2024-07-04,FedEx,TRK751394,2024-07-10,Delivered
895,895,2024-03-01,UPS,TRK404692,2024-03-03,Delivered
896,896,2024-05-21,DHL,TRK053931,2024-05-26,Shipped
897,897,2023-12-08,FedEx,TRK215228,2023-12-15,Pending
898,898,2024-10-27,UPS,TRK111007,2024-11-03,Pending
899,899,2023-11-25,DHL,TRK512154,2023-11-28,Cancelled
900,900,2024-01-20,FedEx,TRK654009,2024-01-25,Shipped
901,901,2024-01-14,UPS,TRK810096,2024-01-17,Shipped
902,902,2024-06-25,DHL,TRK983408,2024-06-29,Delivered
903,903,2024-03-05,FedEx,TRK908053,2024-03-09,Shipped
904,904,2023-12-03,UPS,TRK453118,2023-12-06,Cancelled
905,905,2024-09-20,DHL,TRK495034,2024-09-27,Pending
906,906,2023-12-27,FedEx,TRK703106,2024-01-03,Delivered
907,907,2024-02-13,UPS,TRK353502,2024-02-18,Delivered
908,908,2024-06-09,DHL,TRK724628,2024-06-11,Delivered
909,909,2024-09-16,FedEx,TRK350087,2024-09-19,Delivered
910,910,2024-01-06,UPS,TRK619013,2024-01-11,Shipped
911,911,2024-04-27,DHL,TRK780440,2024-05-02,Delivered
912,912,2024-07-05,FedEx,TRK971682,2024-07-08,Pending
913,913,2023-11-27,UPS,TRK334403,2023-11-28,Delivered
914,914,2024-03-05,DHL,TRK529459,2024-03-10,Pending
915,915,2024-11-05,FedEx,TRK834067,2024-11-09,Delivered
916,916,2024-01-01,UPS,TRK328308,2024-01-09,Delivered
917,917,2024-03-26,DHL,TRK294960,2024-04-01,Cancelled
918,918,2024-07-27,FedEx,TRK195750,2024-07-30,Shipped
919,919,2024-08-23,UPS,TRK771605,2024-08-30,Shipped
920,920,2024-06-27,DHL,TRK418292,2024-07-01,Pending
921,921,2024-09-08,FedEx,TRK275190,2024-09-11,Delivered
922,922,2024-06-19,UPS,TRK549604,2024-06-26,Shipped
923,923,2024-10-31,DHL,TRK387455,2024-11-02,Delivered
924,924,2024-04-13,FedEx,TRK607612,2024-04-20,Delivered
925,925,2024-02-08,UPS,TRK078720,2024-02-11,Delivered
926,926,2024-08-28,DHL,TRK101785,2024-09-04,Delivered
927,927,2024-07-13,FedEx,TRK383203,2024-07-18,Delivered
928,928,2024-10-01,UPS,TRK182574,2024-10-03,Pending
929,929,2024-01-26,DHL,TRK959431,2024-02-03,Pending
930,930,2024-04-18,FedEx,TRK136620,2024-04-20,Shipped
931,931,2024-06-20,UPS,TRK655471,2024-06-25,Pending
932,932,2024-01-02,DHL,TRK102783,2024-01-07,Delivered
933,933,2024-06-19,FedEx,TRK639029,2024-06-22,Delivered
934,934,2024-09-23,UPS,TRK214422,2024-09-24,Delivered
935,935,2024-02-01,DHL,TRK755176,2024-02-05,Delivered
936,936,2024-09-26,FedEx,TRK090036,2024-09-30,Pending
937,937,2024-06-23,UPS,TRK806400,2024-06-30,Shipped
938,938,2024-05-04,DHL,TRK587743,2024-05-08,Pending
939,939,2024-04-17,FedEx,TRK651298,2024-04-25,Delivered
940,940,2024-10-17,UPS,TRK268045,2024-10-19,Shipped
941,941,2024-04-01,DHL,TRK648128,2024-04-08,Shipped
942,942,2024-04-09,FedEx,TRK387194,2024-04-17,Shipped
943,943,2024-10-08,UPS,TRK355918,2024-10-10,Delivered
944,944,2024-06-04,DHL,TRK427512,2024-06-11,Delivered
945,945,2024-08-08,FedEx,TRK515781,2024-08-13,Shipped
946,946,2024-10-09,UPS,TRK705374,2024-10-12,Delivered
947,947,2024-08-28,DHL,TRK163218,2024-09-02,Pending
948,948,2024-09-29,FedEx,TRK088148,2024-10-07,Delivered
949,949,2023-12-10,UPS,TRK067287,2023-12-14,Cancelled
950,950,2024-09-14,DHL,TRK596973,2024-09-22,Delivered
951,951,2023-12-11,FedEx,TRK198714,2023-12-13,Delivered
952,952,2024-05-16,UPS,TRK785499,2024-05-18,Pending
953,953,2023-11-16,DHL,TRK300456,2023-11-23,Delivered
954,954,2024-07-26,FedEx,TRK619929,2024-07-28,Shipped
955,955,2024-01-11,UPS,TRK356423,2024-01-15,Shipped
956,956,2024-10-16,DHL,TRK315348,2024-10-21,Shipped
957,957,2023-12-27,FedEx,TRK885223,2023-12-31,Shipped
958,958,2023-11-11,UPS,TRK847258,2023-11-15,Shipped
959,959,2024-07-28,DHL,TRK967275,2024-07-30,Delivered
960,960,2024-04-03,FedEx,TRK371909,2024-04-08,Pending
961,961,2024-09-22,UPS,TRK242978,2024-09-27,Shipped
962,962,2024-07-12,DHL,TRK805967,2024-07-14,Pending
963,963,2024-10-08,FedEx,TRK605248,2024-10-13,Delivered
964,964,2024-06-25,UPS,TRK188442,2024-07-01,Shipped
965,965,2024-05-08,DHL,TRK609325,2024-05-14,Delivered
966,966,2024-03-31,FedEx,TRK181429,2024-04-07,Shipped
967,967,2024-06-20,UPS,TRK305181,2024-06-24,Pending
968,968,2024-06-14,DHL,TRK018770,2024-06-19,Delivered
969,969,2024-08-20,FedEx,TRK416128,2024-08-21,Delivered
970,970,2024-06-06,UPS,TRK070883,2024-06-08,Pending
971,971,2024-09-10,DHL,TRK010446,2024-09-13,Pending
972,972,2024-03-04,FedEx,TRK077007,2024-03-12,Delivered
973,973,2024-10-11,UPS,TRK294873,2024-10-17,Shipped
974,974,2024-01-18,DHL,TRK008276,2024-01-23,Delivered
975,975,2024-10-13,FedEx,TRK259731,2024-10-20,Shipped
976,976,2024-05-06,UPS,TRK354361,2024-05-10,Cancelled
977,977,2024-01-08,DHL,TRK334464,2024-01-11,Delivered
978,978,2024-08-14,FedEx,TRK148853,2024-08-17,Cancelled
979,979,2024-09-20,UPS,TRK620537,2024-09-27,Pending
980,980,2024-03-05,DHL,TRK576181,2024-03-12,Shipped
981,981,2024-01-18,FedEx,TRK379160,2024-01-22,Shipped
982,982,2024-10-15,UPS,TRK337303,2024-10-20,Pending
983,983,2024-01-19,DHL,TRK057190,2024-01-22,Delivered
984,984,2024-11-06,FedEx,TRK697359,2024-11-10,Shipped
985,985,2024-05-09,UPS,TRK736012,2024-05-11,Pending
986,986,2023-12-16,DHL,TRK456002,2023-12-19,Pending
987,987,2024-07-17,FedEx,TRK965053,2024-07-21,Shipped
988,988,2024-01-29,UPS,TRK862530,2024-02-02,Pending
989,989,2024-03-17,DHL,TRK878695,2024-03-19,Delivered
990,990,2024-06-13,FedEx,TRK939969,2024-06-15,Delivered
991,991,2024-06-10,UPS,TRK415471,2024-06-16,Shipped
992,992,2024-02-16,DHL,TRK561360,2024-02-24,Delivered
993,993,2023-12-19,FedEx,TRK493134,2023-12-25,Pending
994,994,2023-11-25,UPS,TRK130756,2023-11-30,Shipped
995,995,2024-03-12,DHL,TRK388991,2024-03-15,Delivered
996,996,2023-12-22,FedEx,TRK223995,2023-12-27,Pending
997,997,2024-04-08,UPS,TRK266608,2024-04-12,Shipped
1227,1227,2024-06-10,FedEx,TRK863887,2024-06-18,Pending
998,998,2024-06-12,DHL,TRK796692,2024-06-19,Delivered
